{"sections":{"main":{"type":"main-page","settings":{"padding_top":28,"padding_bottom":28}},"ee8559f1-4fe5-483c-8355-706b0eaa4ceb":{"type":"featured-collection","settings":{"title":"Featured collection","heading_size":"h1","description":"","show_description":false,"description_style":"body","collection":"","products_to_show":4,"columns_desktop":4,"full_width":false,"show_view_all":true,"view_all_style":"solid","enable_desktop_slider":false,"color_scheme":"background-1","image_ratio":"adapt","show_secondary_image":false,"show_vendor":false,"show_rating":false,"enable_quick_add":false,"columns_mobile":"2","swipe_on_mobile":false,"padding_top":36,"padding_bottom":36}},"fcb3a092-93ed-49f3-a7ae-1dc798156f06":{"type":"page","disabled":true,"settings":{"page":"","heading_size":"h1","color_scheme":"background-1","padding_top":36,"padding_bottom":36}}},"order":["main","ee8559f1-4fe5-483c-8355-706b0eaa4ceb","fcb3a092-93ed-49f3-a7ae-1dc798156f06"]}